{
  "response_time_mae": 176.50484751665573,
  "response_time_rmse": 226.69745578822165,
  "response_time_r2": 0.9011553946072646,
  "response_time_variance": 226.6634170674237,
  "cost_mae": 0.0003198715351290275,
  "cost_rmse": 0.0005851157026294208,
  "cost_r2": 0.9844945533487073,
  "cost_variance_percent": 15.242600196911471,
  "quality_mae": 0.06183684578220993,
  "quality_rmse": 0.07174186898977318,
  "quality_r2": 0.009800835075016168,
  "compliance_accuracy": 0.935,
  "training_time_seconds": 0.6360378265380859,
  "training_samples_count": 1000,
  "model_convergence_iterations": 100,
  "memory_usage_mb": 24.75,
  "prediction_latency_ms": 13.914787769317627,
  "model_loading_time_ms": 0.0,
  "feature_extraction_time_ms": 0.0,
  "constitutional_hash_verified": true,
  "constitutional_compliance_rate": 0.935,
  "overall_prediction_accuracy": 0.7059204654881103,
  "system_stability_score": 0.463917243405897,
  "measurement_timestamp": "2025-06-27T18:27:18.350446",
  "baseline_version": "1.0.0",
  "sample_size": 1000
}
