{
  "mice_mae": 40.84267584622286,
  "baseline_mae": 50.11371269475198,
  "mice_r2": 1.1674359943911412,
  "baseline_r2": 0.9851780543385157,
  "improvement_percentage": 18.5,
  "target_achieved": true,
  "constitutional_compliance_rate": 0.9670471092077497,
  "processing_time_seconds": 2.39871,
  "constitutional_hash": "cdd01ef066bc6cf2",
  "timestamp": "2025-06-27T18:37:08.332379"
}
