{"meta": {"format": 3, "version": "7.9.1", "timestamp": "2025-06-17T07:03:32.046771", "branch_coverage": false, "show_contexts": false}, "files": {"services/core/pgc/src/cache_optimizer.py": {"executed_lines": [1, 16, 17, 18, 19, 20, 21, 22, 23, 26, 27, 29, 34, 35, 37, 41, 44, 45, 46, 49, 50, 53, 54, 55, 57, 58, 59, 60, 61, 62, 64, 65, 67, 69, 70, 72, 74, 79, 80, 83, 84, 85, 87, 88, 89, 90, 91, 92, 94, 95, 97, 98, 99, 102, 103, 113, 123, 124, 125, 128, 129, 132, 133, 136, 137, 140, 142, 146, 151, 152, 153, 155, 156, 157, 162, 164, 165, 166, 168, 170, 173, 177, 178, 181, 183, 188, 190, 192, 195, 197, 199, 210, 211, 213, 214, 215, 218, 219, 221, 223, 224, 225, 228, 229, 231, 232, 234, 237, 243, 244, 246, 247, 248, 251, 253, 256, 267, 268, 269, 271, 272, 274, 277, 282, 283, 285, 286, 288, 291, 297, 316, 317, 319, 320, 322, 327, 337, 338, 339, 342, 343, 344, 351, 354, 355, 357, 358, 360, 363, 369, 374, 376, 377, 379, 380, 382, 386, 391, 394, 398, 399, 401, 402, 407, 408, 410, 423, 424, 425, 427, 428, 429, 430, 433, 437, 438, 441, 444, 449, 454, 455, 462, 464, 465, 468, 469, 475, 478, 479, 486, 511, 516, 517, 518, 519, 521, 522, 523, 525, 526, 528, 529, 536, 539, 547, 548, 551, 553], "summary": {"covered_lines": 204, "num_statements": 242, "percent_covered": 84.29752066115702, "percent_covered_display": "84", "missing_lines": 38, "excluded_lines": 0}, "missing_lines": [30, 31, 38, 39, 158, 159, 160, 171, 240, 278, 279, 293, 294, 295, 347, 348, 365, 366, 367, 395, 434, 442, 445, 446, 447, 459, 460, 470, 471, 472, 473, 480, 481, 482, 483, 484, 531, 532], "excluded_lines": [], "functions": {"CacheEntry.age": {"executed_lines": [67], "summary": {"covered_lines": 1, "num_statements": 1, "percent_covered": 100.0, "percent_covered_display": "100", "missing_lines": 0, "excluded_lines": 0}, "missing_lines": [], "excluded_lines": []}, "CacheEntry.is_expired": {"executed_lines": [72], "summary": {"covered_lines": 1, "num_statements": 1, "percent_covered": 100.0, "percent_covered_display": "100", "missing_lines": 0, "excluded_lines": 0}, "missing_lines": [], "excluded_lines": []}, "CacheEntry.update_access": {"executed_lines": [79, 80], "summary": {"covered_lines": 2, "num_statements": 2, "percent_covered": 100.0, "percent_covered_display": "100", "missing_lines": 0, "excluded_lines": 0}, "missing_lines": [], "excluded_lines": []}, "CacheStats.hit_rate": {"executed_lines": [97, 98, 99], "summary": {"covered_lines": 3, "num_statements": 3, "percent_covered": 100.0, "percent_covered_display": "100", "missing_lines": 0, "excluded_lines": 0}, "missing_lines": [], "excluded_lines": []}, "PolicyCacheOptimizer.__init__": {"executed_lines": [123, 124, 125, 128, 129, 132, 133, 136, 137, 140, 142], "summary": {"covered_lines": 11, "num_statements": 11, "percent_covered": 100.0, "percent_covered_display": "100", "missing_lines": 0, "excluded_lines": 0}, "missing_lines": [], "excluded_lines": []}, "PolicyCacheOptimizer.initialize_redis": {"executed_lines": [151, 152, 153, 155, 156, 157], "summary": {"covered_lines": 6, "num_statements": 9, "percent_covered": 66.66666666666667, "percent_covered_display": "67", "missing_lines": 3, "excluded_lines": 0}, "missing_lines": [158, 159, 160], "excluded_lines": []}, "PolicyCacheOptimizer._generate_cache_key": {"executed_lines": [164, 165, 166], "summary": {"covered_lines": 3, "num_statements": 3, "percent_covered": 100.0, "percent_covered_display": "100", "missing_lines": 0, "excluded_lines": 0}, "missing_lines": [], "excluded_lines": []}, "PolicyCacheOptimizer._calculate_adaptive_ttl": {"executed_lines": [170, 173, 177, 178, 181], "summary": {"covered_lines": 5, "num_statements": 6, "percent_covered": 83.33333333333333, "percent_covered_display": "83", "missing_lines": 1, "excluded_lines": 0}, "missing_lines": [171], "excluded_lines": []}, "PolicyCacheOptimizer._update_policy_volatility": {"executed_lines": [188, 190, 192, 195, 197], "summary": {"covered_lines": 5, "num_statements": 5, "percent_covered": 100.0, "percent_covered_display": "100", "missing_lines": 0, "excluded_lines": 0}, "missing_lines": [], "excluded_lines": []}, "PolicyCacheOptimizer.get": {"executed_lines": [210, 211, 213, 214, 215, 218, 219, 221, 223, 224, 225, 228, 229, 231, 232, 234, 237, 243, 244, 246, 247, 248, 251, 253, 256, 267, 268, 269, 271, 272, 274, 277, 282, 283, 285, 286, 288, 291], "summary": {"covered_lines": 38, "num_statements": 44, "percent_covered": 86.36363636363636, "percent_covered_display": "86", "missing_lines": 6, "excluded_lines": 0}, "missing_lines": [240, 278, 279, 293, 294, 295], "excluded_lines": []}, "PolicyCacheOptimizer.set": {"executed_lines": [316, 317, 319, 320, 322, 327, 337, 338, 339, 342, 343, 344, 351, 354, 355, 357, 358, 360, 363], "summary": {"covered_lines": 19, "num_statements": 24, "percent_covered": 79.16666666666667, "percent_covered_display": "79", "missing_lines": 5, "excluded_lines": 0}, "missing_lines": [347, 348, 365, 366, 367], "excluded_lines": []}, "PolicyCacheOptimizer._evict_if_needed": {"executed_lines": [374, 376, 377, 379, 380, 382], "summary": {"covered_lines": 6, "num_statements": 6, "percent_covered": 100.0, "percent_covered_display": "100", "missing_lines": 0, "excluded_lines": 0}, "missing_lines": [], "excluded_lines": []}, "PolicyCacheOptimizer._update_latency_stats": {"executed_lines": [391, 394, 398, 399, 401, 402, 407, 408], "summary": {"covered_lines": 8, "num_statements": 9, "percent_covered": 88.88888888888889, "percent_covered_display": "89", "missing_lines": 1, "excluded_lines": 0}, "missing_lines": [395], "excluded_lines": []}, "PolicyCacheOptimizer.invalidate": {"executed_lines": [423, 424, 425, 427, 428, 429, 430, 433, 437, 438, 441, 444, 449, 454, 455], "summary": {"covered_lines": 15, "num_statements": 22, "percent_covered": 68.18181818181819, "percent_covered_display": "68", "missing_lines": 7, "excluded_lines": 0}, "missing_lines": [434, 442, 445, 446, 447, 459, 460], "excluded_lines": []}, "PolicyCacheOptimizer.get_performance_stats": {"executed_lines": [464, 465, 468, 469, 475, 478, 479, 486], "summary": {"covered_lines": 8, "num_statements": 17, "percent_covered": 47.05882352941177, "percent_covered_display": "47", "missing_lines": 9, "excluded_lines": 0}, "missing_lines": [470, 471, 472, 473, 480, 481, 482, 483, 484], "excluded_lines": []}, "PolicyCacheOptimizer.cleanup_expired_entries": {"executed_lines": [516, 517, 518, 519, 521, 522, 523, 525, 526, 528, 529], "summary": {"covered_lines": 11, "num_statements": 13, "percent_covered": 84.61538461538461, "percent_covered_display": "85", "missing_lines": 2, "excluded_lines": 0}, "missing_lines": [531, 532], "excluded_lines": []}, "get_cache_optimizer": {"executed_lines": [547, 548, 551, 553], "summary": {"covered_lines": 4, "num_statements": 4, "percent_covered": 100.0, "percent_covered_display": "100", "missing_lines": 0, "excluded_lines": 0}, "missing_lines": [], "excluded_lines": []}, "": {"executed_lines": [1, 16, 17, 18, 19, 20, 21, 22, 23, 26, 27, 29, 34, 35, 37, 41, 44, 45, 46, 49, 50, 53, 54, 55, 57, 58, 59, 60, 61, 62, 64, 65, 69, 70, 74, 83, 84, 85, 87, 88, 89, 90, 91, 92, 94, 95, 102, 103, 113, 146, 162, 168, 183, 199, 297, 369, 386, 410, 462, 511, 536, 539], "summary": {"covered_lines": 58, "num_statements": 62, "percent_covered": 93.54838709677419, "percent_covered_display": "94", "missing_lines": 4, "excluded_lines": 0}, "missing_lines": [30, 31, 38, 39], "excluded_lines": []}}, "classes": {"CacheEntry": {"executed_lines": [67, 72, 79, 80], "summary": {"covered_lines": 4, "num_statements": 4, "percent_covered": 100.0, "percent_covered_display": "100", "missing_lines": 0, "excluded_lines": 0}, "missing_lines": [], "excluded_lines": []}, "CacheStats": {"executed_lines": [97, 98, 99], "summary": {"covered_lines": 3, "num_statements": 3, "percent_covered": 100.0, "percent_covered_display": "100", "missing_lines": 0, "excluded_lines": 0}, "missing_lines": [], "excluded_lines": []},